{"Metrics/LagrangeMultiplier/Std":0,"Loss/Loss_pi":-0.012806419283151627,"Train/PolicyStd":0.3721615970134735,"Loss/Loss_cost_critic":0.8475837111473083,"Metrics/LagrangeMultiplier/Min":0.028146985918283463,"Value/cost":5.259521961212158,"_step":50,"Value/Adv":0.1762203872203827,"Train/StopIter":40,"Time/Rollout":124.37574768066406,"Loss/Loss_reward_critic":12.821226119995117,"Metrics/EpRet":1230.5067138671875,"Loss/Loss_reward_critic/Delta":1.7734298706054688,"Metrics/EpLen":1000,"Time/Total":10781.05078125,"_runtime":10781.805487309,"Time/Epoch":263.991455078125,"Train/Epoch":49,"Train/Entropy":0.4098811447620392,"Metrics/EpCost":66.69999694824219,"TotalEnvSteps":1e+06,"_wandb":{"runtime":10781},"Time/Update":139.6156463623047,"Train/PolicyRatio/Std":0.013435959815979004,"Metrics/LagrangeMultiplier/Max":0.028146985918283463,"Value/reward":113.67471313476562,"Loss/Loss_pi/Delta":0.00360085628926754,"Train/PolicyRatio/Min":0.9991893768310547,"Train/LR":0,"Metrics/LagrangeMultiplier":0.028146985918283463,"_timestamp":1.7455025965563934e+09,"Train/KL":0.007348312065005302,"Train/PolicyRatio/Max":0.9991893768310547,"Time/FPS":75.7600326538086,"Loss/Loss_cost_critic/Delta":0.14478862285614014,"Train/PolicyRatio":0.9991894364356995}