{"Train/KL":0.008203241974115372,"Value/Adv":-0.23236584663391113,"Time/Update":43.14213562011719,"Loss/Loss_reward_critic":43.12571716308594,"Train/PolicyRatio/Std":0.014661197550594807,"_timestamp":1.7454924484678833e+09,"Time/Epoch":231.46485900878906,"Train/StopIter":10,"Metrics/EpCost":32.099998474121094,"Loss/Loss_cost_critic":23.545387268066406,"Time/FPS":86.40621185302734,"Train/LR":0,"Train/PolicyRatio/Min":1.0003178119659424,"Misc/Penalty":1,"Train/PolicyStd":0.7016934752464294,"Train/PolicyRatio/Max":1.0003178119659424,"Metrics/EpRet":171.17152404785156,"_step":50,"TotalEnvSteps":1e+06,"Train/Entropy":1.0635777711868286,"Train/Epoch":49,"Metrics/EpLen":77.18000030517578,"Loss/Loss_cost_critic/Delta":-16.165706634521484,"Loss/Loss_pi":-0.029324691742658615,"Loss/Loss_pi/Delta":-0.014522220008075237,"Loss/Loss_reward_critic/Delta":-37.09009552001953,"_wandb":{"runtime":9774},"Train/PolicyRatio":1.0003178119659424,"Value/cost":12.169637680053711,"Time/Total":9774.171875,"Value/reward":24.331600189208984,"Time/Rollout":188.3226318359375,"_runtime":9774.968170551}