{"Train/StopIter":40,"Train/PolicyRatio/Std":0.01298860926181078,"Metrics/LagrangeMultiplier/Min":0,"Value/cost":0.5243577361106873,"Loss/Loss_reward_critic/Delta":-4.467281341552734,"_runtime":5768.141494443,"Metrics/EpRet":31.816762924194336,"_timestamp":1.7449431666644464e+09,"Loss/Loss_pi/Delta":0.004861818626523018,"Value/Adv":0.012979235500097275,"Metrics/EpCost":2.430000066757202,"Train/LR":0,"Loss/Loss_cost_critic/Delta":0.030365347862243652,"Train/PolicyStd":0.4221762418746948,"Time/Epoch":185.7575225830078,"Metrics/LagrangeMultiplier/Std":0,"Metrics/EpLen":91.97000122070312,"Train/PolicyRatio":0.9992297291755676,"Train/Entropy":0.5564849972724915,"Loss/Loss_cost_critic":0.7860152125358582,"Loss/Loss_pi":-0.016254257410764694,"Metrics/LagrangeMultiplier/Max":0,"Loss/Loss_reward_critic":31.941246032714844,"Train/PolicyRatio/Min":0.9992297291755676,"Time/Rollout":41.02598190307617,"Time/Total":5767.251953125,"TotalEnvSteps":1e+06,"Time/Update":144.7314453125,"Train/Epoch":49,"Train/KL":0.007488989736884832,"Metrics/LagrangeMultiplier":0,"Time/FPS":107.66724395751953,"Train/PolicyRatio/Max":0.9992297291755676,"Value/reward":1.5993071794509888,"_wandb":{"runtime":5768},"_step":50}