{"_wandb":{"runtime":5533},"Time/Rollout":28.55345916748047,"Metrics/LagrangeMultiplier/Min":0,"Train/Entropy":0.5781692862510681,"_runtime":5533.878157171,"Metrics/LagrangeMultiplier/Std":0,"Metrics/EpCost":0.7400000095367432,"Time/FPS":134.9985809326172,"Time/Total":5533.02001953125,"Train/PolicyRatio/Max":0.9985003471374512,"Loss/Loss_pi":-0.017230555415153503,"Loss/Loss_reward_critic":31.0891056060791,"Time/Update":119.59619903564453,"Loss/Loss_pi/Delta":0.0045306868851184845,"Train/PolicyRatio/Std":0.014111864380538464,"_timestamp":1.7449429323712056e+09,"Metrics/EpLen":71.16000366210938,"Metrics/EpRet":11.422344207763672,"Train/Epoch":49,"Loss/Loss_cost_critic/Delta":0.039766162633895874,"Value/reward":-2.8725318908691406,"Loss/Loss_cost_critic":0.48867619037628174,"Train/PolicyRatio/Min":0.9985003471374512,"Train/PolicyRatio":0.9985003471374512,"Time/Epoch":148.14971923828125,"Value/cost":0.4744960069656372,"_step":50,"Metrics/LagrangeMultiplier":0,"Train/LR":0,"Value/Adv":0.12064386904239655,"Train/StopIter":40,"TotalEnvSteps":1e+06,"Train/PolicyStd":0.4315016269683838,"Metrics/LagrangeMultiplier/Max":0,"Train/KL":0.008094757795333862,"Loss/Loss_reward_critic/Delta":10.442838668823242}