{"Time/Total":12763.384765625,"Loss/Loss_pi/Delta":-9.699538350105286e-05,"_runtime":12764.250341231,"Time/FPS":75.90333557128906,"_step":50,"TotalEnvSteps":1e+06,"Metrics/LagrangeMultiplier/Std":0,"Metrics/LagrangeMultiplier/Min":0.7043763399124146,"Time/Epoch":263.4930419921875,"Train/Epoch":49,"Value/reward":69.89837646484375,"_wandb":{"runtime":12764},"Loss/Loss_pi":-0.0012945946073159575,"Loss/Loss_reward_critic/Delta":1.4381656646728516,"Time/Update":139.9029998779297,"Train/LR":0,"Train/StopIter":40,"Metrics/LagrangeMultiplier":0.7043763399124146,"Metrics/EpRet":145.29132080078125,"Train/PolicyRatio/Min":1.0000249147415161,"Loss/Loss_reward_critic":21.750450134277344,"Train/PolicyRatio":1.0000249147415161,"_timestamp":1.7454735363753817e+09,"Train/PolicyRatio/Max":1.0000249147415161,"Metrics/LagrangeMultiplier/Max":0.7043763399124146,"Loss/Loss_cost_critic/Delta":0.08130371570587158,"Time/Rollout":123.58997344970703,"Metrics/EpCost":17.690000534057617,"Metrics/EpLen":69.54000091552734,"Loss/Loss_cost_critic":1.8937628269195557,"Value/Adv":0.16658800840377808,"Train/PolicyStd":0.4861796200275421,"Value/cost":11.733138084411621,"Train/Entropy":0.6908894777297974,"Train/PolicyRatio/Std":0.013047321699559689,"Train/KL":0.006462746299803257}