{"Value/Adv":-0.21228855848312378,"Time/Rollout":50.03156280517578,"Metrics/EpLen":1000,"TotalEnvSteps":1e+07,"Metrics/EpRet":2.7218432426452637,"Loss/Loss_cost_critic/Delta":0.10221308469772339,"Loss/Loss_reward_critic":0.014133979566395283,"Value/cost":3.8764936923980713,"Train/KL":0.0025237398222088814,"Time/Update":47.2647705078125,"Time/FPS":205.55746459960938,"Train/PolicyRatio/Min":0.9998732805252075,"Loss/Loss_pi":-0.004354760982096195,"Train/PolicyRatio/Max":0.9998732805252075,"Train/LR":0,"Train/PolicyRatio":0.9998733401298523,"Metrics/EpCost":22.40999984741211,"Loss/Loss_reward_critic/Delta":-0.0023590391501784325,"Time/Epoch":97.29639434814453,"_timestamp":1.7455559171029236e+09,"Train/Entropy":-0.14971177279949188,"_step":500,"_wandb":{"runtime":28192},"Train/PolicyStd":0.26578816771507263,"Train/StopIter":10,"Train/PolicyRatio/Std":0.0078740194439888,"Loss/Loss_cost_critic":0.7240797281265259,"Value/reward":0.3075813949108124,"Train/Epoch":499,"_runtime":28192.369414867,"Time/Total":28191.60546875,"Loss/Loss_pi_cost/Delta":0,"Loss/Loss_pi_cost":0,"Loss/Loss_pi/Delta":0.0018060053698718548}