{"Train/LR":0,"Time/FPS":101.7572250366211,"Loss/Loss_pi":-0.008575337938964367,"Time/Epoch":196.54624938964844,"_step":500,"Metrics/EpLen":1000,"Metrics/EpRet":15.488880157470703,"Train/Epoch":499,"Time/Update":144.6952362060547,"_wandb":{"runtime":39271},"Loss/Loss_reward_critic/Delta":-0.0018383488059043884,"Train/KL":0.003029696876183152,"_runtime":39271.64024155,"Value/cost":2.181598424911499,"Train/StopIter":40,"_timestamp":1.7455277127169573e+09,"Loss/Loss_cost_critic/Delta":-0.06746485829353333,"Value/Adv":0.08490556478500366,"Metrics/LagrangeMultiplier/Max":2.949812412261963,"Train/Entropy":-0.5365739464759827,"Train/PolicyRatio/Min":1.0002585649490356,"Time/Rollout":51.85093688964844,"TotalEnvSteps":1e+07,"Train/PolicyRatio/Max":1.0002585649490356,"Metrics/LagrangeMultiplier/Min":2.949812412261963,"Value/reward":1.7450288534164429,"Metrics/LagrangeMultiplier":2.949812412261963,"Train/PolicyRatio/Std":0.00729072280228138,"Loss/Loss_pi/Delta":0.008137070573866367,"Train/PolicyStd":0.14212480187416077,"Time/Total":39270.9140625,"Metrics/EpCost":17.920000076293945,"Loss/Loss_reward_critic":0.033284157514572144,"Train/PolicyRatio":1.0002585649490356,"Metrics/LagrangeMultiplier/Std":0,"Loss/Loss_cost_critic":0.24271973967552185}