{"_wandb":{"runtime":7811},"Metrics/EpCost":16.6200008392334,"Train/PolicyStd":0.37232884764671326,"Loss/Loss_cost_critic/Delta":0.019457072019577026,"Time/Epoch":133.041259765625,"Train/StopIter":10,"_timestamp":1.745514180948788e+09,"TotalEnvSteps":1e+06,"Train/PolicyRatio/Std":0.010256010107696056,"Metrics/EpRet":1075.593017578125,"Loss/Loss_reward_critic/Delta":0.7370214462280273,"Value/cost":1.2253586053848267,"Value/Adv":-0.04062502086162567,"Train/PolicyRatio/Min":1.000206708908081,"Loss/Loss_reward_critic":13.306069374084473,"Train/PolicyRatio":1.000206708908081,"Loss/Loss_cost_critic":0.2346739023923874,"Time/FPS":150.3292999267578,"Train/PolicyRatio/Max":1.000206708908081,"Train/LR":0,"Time/Total":7810.921875,"Metrics/EpLen":1000,"_step":50,"Train/Epoch":49,"Loss/Loss_pi":-0.0045087458565831184,"_runtime":7811.745045148,"Loss/Loss_pi_cost/Delta":0,"Train/KL":0.004797464236617088,"Value/reward":99.53650665283203,"Time/Update":39.22716522216797,"Train/Entropy":0.40995004773139954,"Loss/Loss_pi_cost":0,"Time/Rollout":93.81404876708984,"Loss/Loss_pi/Delta":0.0012887711636722088}