{"_timestamp":1.7455178716369913e+09,"Loss/Loss_cost_critic/Delta":1.7057867050170898,"Metrics/EpLen":1000,"Loss/Loss_reward_critic":8.037100791931152,"Train/PolicyRatio/Std":0.011177877895534039,"Loss/Loss_reward_critic/Delta":0.6708879470825195,"Loss/Loss_cost_critic":7.071321964263916,"Value/Adv":-0.042862746864557266,"Loss/Loss_pi":-0.0057821813970804214,"Train/Entropy":0.405851274728775,"Metrics/EpRet":1048.8282470703125,"Metrics/EpCost":16.950000762939453,"Train/PolicyRatio/Max":0.9996218085289001,"Train/StopIter":10,"Time/Update":32.01824188232422,"_runtime":6979.82834598,"Value/cost":2.485257863998413,"Time/Rollout":90.45922088623047,"TotalEnvSteps":1e+06,"_step":50,"Value/reward":78.73828887939453,"Train/LR":0,"Train/PolicyRatio":0.9996218681335449,"Train/PolicyStd":0.369843453168869,"Time/Total":6979.06298828125,"Loss/Loss_pi/Delta":0.0019763559103012085,"Time/Epoch":122.4775161743164,"Train/KL":0.00481574609875679,"Train/Epoch":49,"Train/PolicyRatio/Min":0.9996218085289001,"_wandb":{"runtime":6979},"Misc/Penalty":0.0012422360014170408,"Time/FPS":163.29527282714844}