{"_runtime":7424.904228169,"Time/FPS":105.37075805664062,"Value/reward":2.339277744293213,"Metrics/EpRet":20.31704330444336,"Metrics/EpLen":1000,"Loss/Loss_pi":-0.015487966127693653,"Loss/Loss_reward_critic":0.058410048484802246,"Train/PolicyRatio/Std":0.01138348039239645,"Train/Entropy":0.31657275557518005,"Train/KL":0.005801612976938486,"_wandb":{"runtime":7424},"Metrics/EpCost":136.83999633789062,"Train/PolicyRatio":1.000417947769165,"Time/Update":86.27037811279297,"Loss/Loss_reward_critic/Delta":-0.0015413500368595123,"Loss/Loss_pi/Delta":0.004769989289343357,"Time/Rollout":103.53553771972656,"Time/Epoch":189.8059844970703,"Time/Total":7423.9091796875,"Train/LR":0,"Train/Epoch":49,"Train/PolicyRatio/Max":1.000417947769165,"Train/PolicyRatio/Min":1.000417947769165,"Train/StopIter":40,"Value/Adv":0.05323303863406181,"Train/PolicyStd":0.3339284062385559,"_step":50,"_timestamp":1.7466194447828023e+09,"TotalEnvSteps":1e+06}