{"Metrics/LagrangeMultiplier/Std":0,"Loss/Loss_reward_critic":0.02455560304224491,"Metrics/EpLen":1000,"Train/Entropy":-2.146083116531372,"Metrics/LagrangeMultiplier/Max":0,"TotalEnvSteps":1e+07,"Metrics/EpRet":39.01297378540039,"Loss/Loss_pi/Delta":0.004582680761814117,"Loss/Loss_cost_critic":1.3008247257140226e-10,"Train/PolicyStd":0.028314707800745964,"_step":500,"Train/Epoch":499,"Metrics/EpCost":0,"Train/PolicyRatio/Std":0.009653855115175247,"Loss/Loss_pi":-0.009621292352676392,"Time/FPS":104.54500579833984,"Time/Update":142.86898803710938,"Metrics/LagrangeMultiplier":0,"Metrics/LagrangeMultiplier/Min":0,"Train/PolicyRatio/Min":1.0001416206359863,"Train/StopIter":40,"Time/Total":32770.7890625,"Train/PolicyRatio":1.0001416206359863,"Train/PolicyRatio/Max":1.0001416206359863,"_runtime":32773.895456611,"Value/Adv":0.1274292916059494,"Value/cost":-6.568034677911783e-06,"Time/Rollout":48.43610382080078,"_timestamp":1.745454977196535e+09,"Value/reward":3.9516963958740234,"Time/Epoch":191.30516052246094,"Loss/Loss_cost_critic/Delta":1.7583157152500917e-13,"Loss/Loss_reward_critic/Delta":-1.0302290320396423e-05,"Train/LR":0,"_wandb":{"runtime":32773},"Train/KL":0.0042854915373027325}