{"Metrics/LagrangeMultiplier":2.042208671569824,"Metrics/LagrangeMultiplier/Min":2.042208671569824,"Loss/Loss_cost_critic":0.42805683612823486,"Train/PolicyRatio/Std":0.0076042767614126205,"Train/Entropy":-0.7892768383026123,"_timestamp":1.745559091763269e+09,"Loss/Loss_reward_critic/Delta":-0.00104580819606781,"Metrics/EpCost":29.81999969482422,"Metrics/LagrangeMultiplier/Std":0,"Loss/Loss_reward_critic":0.030393201857805252,"Metrics/LagrangeMultiplier/Max":2.042208671569824,"Train/PolicyRatio/Max":1.0007818937301636,"_step":500,"Metrics/EpLen":1000,"Train/Epoch":499,"Train/PolicyRatio/Min":1.0007818937301636,"Loss/Loss_pi/Delta":0.009865100495517254,"TotalEnvSteps":1e+07,"Loss/Loss_cost_critic/Delta":0.006998538970947266,"Time/Rollout":48.35308837890625,"Value/Adv":0.12761583924293518,"Time/Update":132.84361267089844,"Loss/Loss_pi":-0.012419532053172588,"Train/LR":0,"Train/KL":0.0033835272770375013,"_wandb":{"runtime":37007},"Metrics/EpRet":16.83850860595703,"Time/Epoch":181.19676208496094,"Time/FPS":110.37724304199219,"Train/StopIter":40,"Train/PolicyStd":0.11072873324155807,"Time/Total":37007.171875,"Train/PolicyRatio":1.0007818937301636,"Value/reward":1.876278281211853,"_runtime":37007.932256964,"Value/cost":2.9429030418395996}