{"Time/FPS":105.42558288574219,"Metrics/EpCost":23.829999923706055,"Misc/Penalty":0.008547008037567139,"Loss/Loss_pi":-0.014726058579981327,"Metrics/EpLen":72.3499984741211,"Train/PolicyRatio":0.9986155033111572,"TotalEnvSteps":1e+06,"Loss/Loss_pi/Delta":0.006271940656006336,"Train/Epoch":49,"Value/cost":9.954636573791504,"Time/Epoch":189.707275390625,"Time/Update":37.05521011352539,"_wandb":{"runtime":9288},"Time/Rollout":152.65199279785156,"Time/Total":9287.27734375,"Train/LR":0,"Loss/Loss_reward_critic":22.34373664855957,"Loss/Loss_cost_critic":12.166051864624023,"Train/PolicyRatio/Max":0.9986155033111572,"_step":50,"Train/Entropy":1.0133328437805176,"Loss/Loss_cost_critic/Delta":1.6637277603149414,"Value/reward":22.601104736328125,"Train/PolicyStd":0.6680130362510681,"Value/Adv":-0.3068300485610962,"Train/PolicyRatio/Min":0.9986155033111572,"Train/PolicyRatio/Std":0.01444269809871912,"_runtime":9288.075864936,"Train/StopIter":10,"Loss/Loss_reward_critic/Delta":3.2373600006103516,"Train/KL":0.009404988959431648,"Metrics/EpRet":153.97467041015625,"_timestamp":1.7454951211972227e+09}