{"_runtime":6238.206909604,"Time/Epoch":158.06442260742188,"Value/cost":15.738253593444824,"Value/reward":176.48983764648438,"Train/KL":0.008021390996873379,"Train/PolicyRatio/Max":0.9991570115089417,"Loss/Loss_cost_critic":5.983831882476807,"Train/LR":0,"Train/Entropy":0.6608343720436096,"Metrics/LagrangeMultiplier/Min":0.3917830288410187,"Loss/Loss_cost_critic/Delta":-0.3756380081176758,"_step":50,"Time/Update":125.26315307617188,"Value/Adv":-0.06955760717391968,"Loss/Loss_reward_critic/Delta":-1.417388916015625,"Metrics/LagrangeMultiplier":0.3917830288410187,"_wandb":{"runtime":6238},"Loss/Loss_pi":-0.006091477815061808,"Train/PolicyRatio/Min":0.9991570115089417,"Loss/Loss_pi/Delta":0.0018432564102113247,"Metrics/EpCost":186.8300018310547,"Time/Total":6237.53466796875,"Metrics/LagrangeMultiplier/Max":0.3917830288410187,"Metrics/EpRet":1884.15380859375,"TotalEnvSteps":1e+06,"Metrics/LagrangeMultiplier/Std":0,"Train/PolicyRatio":0.9991570711135864,"Train/PolicyRatio/Std":0.014138537459075451,"_timestamp":1.744960750335003e+09,"Time/Rollout":32.80120086669922,"Time/FPS":126.53069305419922,"Metrics/EpLen":1000,"Loss/Loss_reward_critic":62.51789474487305,"Train/Epoch":49,"Train/StopIter":40,"Train/PolicyStd":0.4729945659637451}