{"Metrics/EpRet":2072.96875,"Time/Total":6157.66650390625,"_timestamp":1.744959977277722e+09,"Train/PolicyRatio/Min":0.999856173992157,"Loss/Loss_reward_critic/Delta":-1.1936836242675781,"Time/FPS":127.7585678100586,"_step":50,"Value/cost":17.709871292114258,"Loss/Loss_reward_critic":57.81196594238281,"Value/reward":186.5264434814453,"Time/Update":123.61009979248047,"Train/PolicyStd":0.45931196212768555,"Metrics/LagrangeMultiplier/Min":0.4266263246536255,"Time/Epoch":156.54527282714844,"Loss/Loss_cost_critic/Delta":-0.4835171699523926,"Loss/Loss_pi/Delta":0.001636364497244358,"Train/Epoch":49,"Train/LR":0,"Loss/Loss_pi":-0.006714858114719391,"_wandb":{"runtime":6158},"Metrics/LagrangeMultiplier/Std":0,"Train/PolicyRatio/Std":0.015099901705980301,"Train/PolicyRatio/Max":0.999856173992157,"Metrics/EpLen":1000,"Time/Rollout":32.93511962890625,"Metrics/LagrangeMultiplier/Max":0.4266263246536255,"Train/StopIter":40,"Loss/Loss_cost_critic":5.763411045074463,"_runtime":6158.418821148,"Train/Entropy":0.6299822330474854,"Metrics/LagrangeMultiplier":0.4266263246536255,"Train/KL":0.008489926345646381,"Train/PolicyRatio":0.999856173992157,"Value/Adv":-0.14002841711044312,"Metrics/EpCost":221.33999633789062,"TotalEnvSteps":1e+06}