{"TotalEnvSteps":1e+06,"Time/Rollout":124.4994125366211,"Train/StopIter":40,"_wandb":{"runtime":8467},"Train/PolicyStd":0.345533162355423,"Metrics/EpCost":151.44000244140625,"Train/PolicyRatio/Max":1.0012627840042114,"Train/Epoch":49,"Metrics/EpLen":1000,"Time/Epoch":215.9868927001953,"Train/Entropy":0.3553987741470337,"Time/Total":8466.1162109375,"Train/PolicyRatio":1.0012627840042114,"Time/Update":91.48739624023438,"Loss/Loss_pi":-0.015717651695013046,"Train/LR":0,"_timestamp":1.7466204870239606e+09,"_runtime":8467.088424786,"Value/reward":2.1751492023468018,"Loss/Loss_pi/Delta":0.0058166589587926865,"Train/PolicyRatio/Std":0.011299367994070053,"Metrics/EpRet":18.739486694335938,"_step":50,"Train/PolicyRatio/Min":1.0012627840042114,"Value/Adv":0.17229586839675903,"Train/KL":0.006097476929426193,"Time/FPS":92.59821319580078,"Loss/Loss_reward_critic":0.053369101136922836,"Loss/Loss_reward_critic/Delta":0.00043863430619239807}