{"Time/FPS":74.1292495727539,"Loss/Loss_pi/Delta":-0.0008324575610458851,"_timestamp":1.745472425155505e+09,"Metrics/LagrangeMultiplier":0.08486997336149216,"Train/PolicyRatio/Std":0.013989434577524662,"Time/Rollout":123.97932434082031,"Train/PolicyStd":0.539270281791687,"Loss/Loss_cost_critic":4.891824245452881,"Train/LR":0,"_wandb":{"runtime":12550},"Train/Epoch":49,"Train/StopIter":40,"Loss/Loss_pi":-0.00800217967480421,"Value/reward":89.087646484375,"Loss/Loss_reward_critic":34.19974136352539,"Metrics/EpRet":367.0311279296875,"Value/cost":6.114912033081055,"Loss/Loss_cost_critic/Delta":-1.1609702110290527,"Value/Adv":0.18073147535324097,"Metrics/EpLen":243.41000366210938,"Loss/Loss_reward_critic/Delta":-13.959789276123047,"Train/PolicyRatio/Max":1.0009856224060059,"Time/Update":145.8196258544922,"Train/KL":0.00737092737108469,"Train/Entropy":0.793393075466156,"Metrics/LagrangeMultiplier/Min":0.08486997336149216,"_runtime":12550.536109846,"Train/PolicyRatio/Min":1.0009856224060059,"Metrics/LagrangeMultiplier/Std":0,"_step":50,"Train/PolicyRatio":1.0009856224060059,"Metrics/LagrangeMultiplier/Max":0.08486997336149216,"TotalEnvSteps":1e+06,"Time/Total":12549.611328125,"Metrics/EpCost":31.309999465942383,"Time/Epoch":269.7990417480469}