{"Loss/Loss_pi/Delta":0.006688687950372696,"Train/StopIter":40,"_wandb":{"runtime":8371},"_timestamp":1.7466203914263918e+09,"Metrics/EpRet":22.121849060058594,"Train/PolicyRatio/Max":0.9997379779815674,"Loss/Loss_pi":-0.014710025861859322,"TotalEnvSteps":1e+06,"Time/Rollout":122.91015625,"Loss/Loss_reward_critic":0.054561082273721695,"_runtime":8371.520950111,"Value/reward":2.396033525466919,"Time/FPS":93.7425308227539,"Train/PolicyStd":0.3468870520591736,"Time/Total":8370.544921875,"Time/Update":90.44012451171875,"Loss/Loss_reward_critic/Delta":-0.01671609655022621,"Train/LR":0,"Value/Adv":-0.06866829097270966,"Train/PolicyRatio/Std":0.011144468560814857,"Train/Epoch":49,"Time/Epoch":213.35032653808594,"Metrics/EpLen":1000,"Train/PolicyRatio":0.9997379779815674,"_step":50,"Metrics/EpCost":150.4199981689453,"Train/PolicyRatio/Min":0.9997379779815674,"Train/Entropy":0.36008328199386597,"Train/KL":0.005716357845813036}