{"Misc/Penalty":0.0004178854578640312,"Train/PolicyRatio/Min":1.000209927558899,"Time/FPS":255.80105590820312,"Time/Epoch":78.18576049804688,"Time/Rollout":43.90743637084961,"Loss/Loss_cost_critic/Delta":0.14365088939666748,"Loss/Loss_reward_critic":19.561635971069336,"Train/PolicyRatio/Std":0.007690106984227896,"Value/cost":-5.438310146331787,"Train/PolicyStd":0.338154137134552,"Time/Total":3705.162353515625,"Train/Entropy":0.3338671326637268,"Loss/Loss_reward_critic/Delta":-3.9114913940429688,"Value/reward":70.5209732055664,"Value/Adv":-0.018024496734142303,"Train/Epoch":49,"Metrics/EpRet":559.5551147460938,"TotalEnvSteps":1e+06,"Train/LR":0,"_timestamp":1.7449468867184887e+09,"Train/KL":0.004169080872088671,"Loss/Loss_cost_critic":1.1681571006774902,"Loss/Loss_pi":-0.003894081572070718,"Metrics/EpLen":855.5599975585938,"Train/PolicyRatio":1.000209927558899,"Loss/Loss_pi/Delta":0.0017976912204176188,"_runtime":3705.890135387,"Time/Update":34.278263092041016,"_step":50,"Train/PolicyRatio/Max":1.000209927558899,"Train/StopIter":10,"_wandb":{"runtime":3705},"Metrics/EpCost":1.0700000524520874}