{"Train/PolicyStd":0.5640460252761841,"Loss/Loss_pi":-0.015464380383491516,"Train/PolicyRatio":0.9990166425704956,"Metrics/LagrangeMultiplier":0.26238882541656494,"Metrics/LagrangeMultiplier/Max":0.26238882541656494,"_runtime":14158.488194517,"Value/reward":151.3037109375,"TotalEnvSteps":1e+06,"Train/PolicyRatio/Std":0.013365661725401878,"Value/Adv":-0.01691555231809616,"Train/Entropy":0.841850221157074,"_step":50,"Train/Epoch":49,"Time/Epoch":265.76995849609375,"Time/Total":14157.7646484375,"_timestamp":1.7460549236832368e+09,"Metrics/LagrangeMultiplier/Std":0,"Time/Rollout":62.821075439453125,"Train/StopIter":80,"Train/PolicyRatio/Min":0.9990166425704956,"Value/cost":3.510026216506958,"Loss/Loss_cost_critic/Delta":-0.166803240776062,"Train/KL":0.0071683912537992,"Loss/Loss_reward_critic":1.8395140171051025,"Metrics/EpLen":989.47998046875,"Train/PolicyRatio/Max":0.9990166425704956,"Metrics/EpRet":1540.1136474609375,"Metrics/EpCost":40.7400016784668,"Loss/Loss_reward_critic/Delta":0.8090190887451172,"Train/LR":0,"Metrics/LagrangeMultiplier/Min":0.26238882541656494,"Time/FPS":75.2530517578125,"Time/Update":202.94882202148438,"_wandb":{"runtime":14158},"Loss/Loss_pi/Delta":0.008007049560546875,"Loss/Loss_cost_critic":0.5179669857025146}