{"Time/Rollout":135.60691833496094,"Train/PolicyRatio/Std":0.013136131688952446,"Metrics/LagrangeMultiplier":0,"Metrics/LagrangeMultiplier/Std":0,"Loss/Loss_pi/Delta":0.006633581593632698,"Train/PolicyStd":0.424358606338501,"Value/Adv":-0.09607051312923431,"Train/KL":0.007511927746236324,"_timestamp":1.7454512061008565e+09,"Train/Entropy":0.5614497065544128,"Loss/Loss_reward_critic":35.92476272583008,"Train/PolicyRatio/Max":1.0001084804534912,"Metrics/EpLen":87.80000305175781,"Train/Epoch":49,"Train/PolicyRatio/Min":1.0001084804534912,"Loss/Loss_pi":-0.016046296805143356,"TotalEnvSteps":1e+06,"_wandb":{"runtime":10683},"Time/Epoch":297.7221374511719,"Time/Total":10682.3408203125,"Value/cost":0.528016984462738,"Time/Update":162.11512756347656,"Time/FPS":67.1767349243164,"Loss/Loss_reward_critic/Delta":9.47899055480957,"Metrics/EpRet":24.697561264038086,"Train/PolicyRatio":1.0001084804534912,"_runtime":10683.279951156,"Value/reward":0.8740689158439636,"Loss/Loss_cost_critic/Delta":0.09645593166351318,"Metrics/LagrangeMultiplier/Max":0,"Metrics/LagrangeMultiplier/Min":0,"Train/StopIter":40,"Metrics/EpCost":1.7799999713897705,"Loss/Loss_cost_critic":0.7264396548271179,"Train/LR":0,"_step":50}