{"_wandb":{"runtime":3922},"Train/PolicyStd":0.33225417137145996,"Loss/Loss_cost_critic/Delta":-0.26417209208011627,"Loss/Loss_pi/Delta":0.0010794815607368946,"Train/LR":0,"Loss/Loss_pi":-0.004396585747599602,"Train/StopIter":10,"Value/Adv":0.19566431641578674,"Train/PolicyRatio/Max":0.999804675579071,"Loss/Loss_cost_critic":0.23149339854717255,"Time/Update":34.162879943847656,"Time/FPS":258.51190185546875,"Time/Total":3921.520263671875,"Loss/Loss_reward_critic/Delta":-3.443112373352051,"Metrics/EpRet":565.0089111328125,"Train/PolicyRatio":0.999804675579071,"Train/Epoch":49,"Time/Rollout":43.20294189453125,"Time/Epoch":77.36587524414062,"Train/PolicyRatio/Std":0.007415717002004385,"Metrics/EpCost":0.4000000059604645,"Value/reward":69.36060333251953,"Value/cost":-4.85497522354126,"Misc/Penalty":0.00040650405571796,"Loss/Loss_reward_critic":10.413350105285645,"_step":50,"TotalEnvSteps":1e+06,"Train/KL":0.0040704975835978985,"Metrics/EpLen":915.1699829101562,"Train/Entropy":0.3164075016975403,"Train/PolicyRatio/Min":0.999804675579071,"_runtime":3922.179635143,"_timestamp":1.7449471642364306e+09}