{"_timestamp":1.7455260791704497e+09,"Time/Epoch":184.4766082763672,"Train/KL":0.003856926690787077,"Train/Epoch":499,"Metrics/EpCost":25.489999771118164,"Metrics/LagrangeMultiplier/Std":0,"Train/Entropy":-1.02103853225708,"Train/LR":0,"Loss/Loss_pi/Delta":0.00923201534897089,"Loss/Loss_cost_critic/Delta":0.021026045083999634,"Loss/Loss_pi":-0.009134157560765743,"Value/cost":2.0018882751464844,"Time/Total":37005.1484375,"Train/PolicyStd":0.09102056175470352,"Value/Adv":0.22579249739646912,"Value/reward":1.5618289709091187,"_wandb":{"runtime":37005},"Loss/Loss_cost_critic":0.36094242334365845,"Metrics/LagrangeMultiplier/Max":0.6742252111434937,"Train/PolicyRatio/Min":0.9996229410171509,"_step":500,"TotalEnvSteps":1e+07,"Train/StopIter":40,"_runtime":37005.860672867,"Metrics/EpRet":15.935578346252441,"Time/FPS":108.41483306884766,"Train/PolicyRatio":0.9996229410171509,"Time/Update":137.8622589111328,"Train/PolicyRatio/Std":0.008652275428175926,"Metrics/LagrangeMultiplier":0.6742252111434937,"Time/Rollout":46.61429214477539,"Metrics/EpLen":1000,"Loss/Loss_reward_critic":0.04169151559472084,"Loss/Loss_reward_critic/Delta":0.006569799035787582,"Train/PolicyRatio/Max":0.9996229410171509,"Metrics/LagrangeMultiplier/Min":0.6742252111434937}