{"Time/Update":37.664222717285156,"_timestamp":1.7449454141424904e+09,"Value/reward":68.80621337890625,"Train/PolicyRatio/Max":0.9999412298202515,"Loss/Loss_pi/Delta":0.0026188711635768414,"Train/Entropy":0.32571035623550415,"Misc/Penalty":0.00040257646469399333,"Loss/Loss_reward_critic":12.10554027557373,"_runtime":4127.94115228,"Time/FPS":232.9998321533203,"Value/Adv":0.16794241964817047,"Train/PolicyStd":0.3353218734264374,"Metrics/EpLen":920.2100219726562,"Time/Rollout":48.17267990112305,"Train/LR":0,"Loss/Loss_cost_critic/Delta":-0.08376653864979744,"Loss/Loss_pi":-0.0041315434500575066,"Metrics/EpRet":548.5143432617188,"_step":50,"Metrics/EpCost":0.1599999964237213,"Loss/Loss_cost_critic":0.049124833196401596,"Value/cost":-4.912482738494873,"Train/PolicyRatio":0.9999412894248962,"TotalEnvSteps":1e+06,"Train/StopIter":10,"Time/Epoch":85.83696746826172,"Train/PolicyRatio/Std":0.007330193184316158,"Train/PolicyRatio/Min":0.9999412298202515,"Loss/Loss_reward_critic/Delta":-0.5546083450317383,"_wandb":{"runtime":4127},"Train/Epoch":49,"Time/Total":4126.94873046875,"Train/KL":0.003906896337866783}