{"Time/FPS":111.45343017578125,"Train/KL":0.004493724554777145,"_runtime":33033.26375985,"Time/Update":137.03475952148438,"Train/PolicyRatio/Min":0.9998044967651367,"_timestamp":1.7454873609245954e+09,"Time/Rollout":42.41229248046875,"Metrics/LagrangeMultiplier":0,"_wandb":{"runtime":33033},"Loss/Loss_pi":-0.010843808762729168,"Metrics/EpCost":0,"Train/PolicyRatio":0.9998045563697815,"Loss/Loss_cost_critic":1.29602148457586e-10,"Time/Epoch":179.4471435546875,"Train/PolicyStd":0.028526628389954567,"Value/reward":3.931217908859253,"Train/PolicyRatio/Std":0.010350894182920456,"Loss/Loss_reward_critic":0.024188218638300896,"Train/LR":0,"Train/PolicyRatio/Max":0.9998044967651367,"Loss/Loss_reward_critic/Delta":-0.0013839825987815857,"Loss/Loss_cost_critic/Delta":-2.194355808171622e-13,"Metrics/EpRet":38.846397399902344,"TotalEnvSteps":1e+07,"Value/Adv":0.10393062233924866,"Metrics/EpLen":1000,"Train/Epoch":499,"Loss/Loss_pi/Delta":0.004210400395095348,"Time/Total":33032.3828125,"_step":500,"Value/cost":1.9332244846737012e-05,"Train/Entropy":-2.1428606510162354,"Train/StopIter":40}