{"_runtime":7873.242103324,"Metrics/LagrangeMultiplier/Min":0.37209954857826233,"Value/reward":41.991004943847656,"Loss/Loss_cost_critic":7.096551895141602,"Value/cost":2.9198920726776123,"Value/Adv":0.19127722084522247,"_wandb":{"runtime":7873},"Train/PolicyRatio/Std":0.014725851826369762,"Metrics/LagrangeMultiplier/Std":0,"Train/KL":0.007768452167510986,"Metrics/LagrangeMultiplier/Max":0.37209954857826233,"Loss/Loss_cost_critic/Delta":2.0228753089904785,"Train/PolicyRatio":1.000577449798584,"Metrics/EpLen":61.83000183105469,"Time/Rollout":40.96831512451172,"Time/Update":135.54605102539062,"Metrics/EpRet":101.6720199584961,"TotalEnvSteps":1e+06,"Train/Epoch":49,"Loss/Loss_reward_critic":59.63402557373047,"Train/StopIter":40,"Time/Total":7872.5361328125,"Metrics/LagrangeMultiplier":0.37209954857826233,"Train/Entropy":0.6837090253829956,"Train/LR":0,"Time/Epoch":176.51441955566406,"Loss/Loss_reward_critic/Delta":15.79074478149414,"Loss/Loss_pi":-0.0013948270352557302,"Train/PolicyRatio/Min":1.000577449798584,"Time/FPS":113.30519104003906,"_timestamp":1.744954498369372e+09,"Metrics/EpCost":5.079999923706055,"Train/PolicyRatio/Max":1.000577449798584,"Loss/Loss_pi/Delta":0.0007444726070389152,"Train/PolicyStd":0.47987282276153564,"_step":50}