{"Time/Total":7073.8369140625,"Loss/Loss_cost_critic/Delta":1.7198262214660645,"Train/Epoch":49,"Metrics/EpRet":1135.9952392578125,"_wandb":{"runtime":7074},"Loss/Loss_reward_critic/Delta":0.029226303100585938,"Train/KL":0.005877438001334667,"Train/StopIter":10,"Loss/Loss_pi/Delta":0.001197931356728077,"Train/LR":0,"_runtime":7074.526469058,"TotalEnvSteps":1e+06,"Metrics/EpLen":1000,"Misc/Penalty":0.0038759687449783087,"Metrics/EpCost":22.420000076293945,"Loss/Loss_cost_critic":9.46189022064209,"Time/FPS":165.28280639648438,"Train/PolicyRatio/Min":0.9998435974121094,"Time/Rollout":92.76681518554688,"Time/Epoch":121.00471496582031,"_step":50,"Time/Update":28.23784637451172,"_timestamp":1.7455173030722406e+09,"Train/PolicyRatio/Std":0.011872591450810432,"Train/PolicyRatio/Max":0.9998435974121094,"Value/Adv":0.1758153736591339,"Loss/Loss_reward_critic":5.982880592346191,"Value/reward":77.17251586914062,"Value/cost":2.7530782222747803,"Train/Entropy":0.3850071132183075,"Train/PolicyRatio":0.9998435974121094,"Loss/Loss_pi":-0.006058763712644577,"Train/PolicyStd":0.3650103509426117}