{"_timestamp":1.7455008442638073e+09,"_runtime":11070.042179484,"Train/PolicyRatio/Max":1.001065969467163,"Loss/Loss_pi":-0.012468361295759678,"Metrics/LagrangeMultiplier/Std":0,"Time/Epoch":266.07562255859375,"_wandb":{"runtime":11070},"Loss/Loss_cost_critic":2.7826285362243652,"Time/Rollout":121.97134399414062,"Metrics/EpLen":1000,"Loss/Loss_reward_critic":40.10272216796875,"Train/Entropy":0.5590267181396484,"Metrics/EpCost":81.9800033569336,"Time/Total":11069.248046875,"Train/PolicyRatio/Std":0.01287818979471922,"Value/reward":141.84912109375,"Value/cost":5.923105239868164,"_step":50,"Train/PolicyRatio/Min":1.001065969467163,"Train/StopIter":40,"Metrics/EpRet":1522.61181640625,"Loss/Loss_reward_critic/Delta":2.0330810546875,"Time/Update":144.10421752929688,"Train/LR":0,"Loss/Loss_pi/Delta":0.004908503033220768,"TotalEnvSteps":1e+06,"Train/PolicyRatio":1.001065969467163,"Value/Adv":0.04492159187793732,"Time/FPS":75.16659545898438,"Train/KL":0.007056259084492922,"Train/Epoch":49,"Train/PolicyStd":0.42834553122520447,"Metrics/LagrangeMultiplier":0.030573442578315735,"Metrics/LagrangeMultiplier/Min":0.030573442578315735,"Loss/Loss_cost_critic/Delta":0.47603321075439453,"Metrics/LagrangeMultiplier/Max":0.030573442578315735}