{"Value/reward":145.2251434326172,"_timestamp":1.7460530060007973e+09,"Train/PolicyStd":0.46691933274269104,"Time/Epoch":303.09844970703125,"Time/Update":213.6409149169922,"Metrics/EpCost":39.209999084472656,"Train/StopIter":80,"Time/FPS":65.98516082763672,"Metrics/LagrangeMultiplier/Std":0,"Loss/Loss_reward_critic":43.16626739501953,"Train/Epoch":49,"_step":50,"Train/KL":0.006505259312689304,"Loss/Loss_pi":-0.02037709578871727,"Time/Total":12164.0009765625,"Train/PolicyRatio":0.9990136027336121,"Train/Entropy":0.6471602320671082,"Value/cost":3.6331753730773926,"TotalEnvSteps":1e+06,"Train/PolicyRatio/Std":0.012874470092356205,"Metrics/EpLen":1000,"Train/LR":0,"Metrics/LagrangeMultiplier/Max":0.02595902420580387,"Loss/Loss_cost_critic/Delta":0.03513741493225098,"Loss/Loss_pi/Delta":-3.332458436489105e-05,"Loss/Loss_reward_critic/Delta":0.027988433837890625,"Train/PolicyRatio/Min":0.9990136027336121,"_wandb":{"runtime":12164},"_runtime":12164.716135212,"Metrics/EpRet":1563.3037109375,"Metrics/LagrangeMultiplier":0.02595902420580387,"Metrics/LagrangeMultiplier/Min":0.02595902420580387,"Train/PolicyRatio/Max":0.9990136027336121,"Time/Rollout":89.45746612548828,"Loss/Loss_cost_critic":0.9659489989280701,"Value/Adv":-0.030811145901679993}