{"Loss/Loss_pi_cost/Delta":0,"Metrics/EpLen":155.75999450683594,"Loss/Loss_pi_cost":0,"Train/PolicyRatio":0.9997903108596802,"TotalEnvSteps":1e+06,"Value/cost":0.547931432723999,"Train/KL":0.004002937115728855,"_wandb":{"runtime":3510},"Loss/Loss_cost_critic/Delta":-0.17568695545196533,"_runtime":3510.538294687,"Loss/Loss_reward_critic/Delta":-10.677520751953125,"_timestamp":1.7449447901485615e+09,"Value/reward":9.873225212097168,"Loss/Loss_pi":-0.005044160410761833,"Train/PolicyRatio/Std":0.007506828289479017,"Train/LR":0,"Loss/Loss_cost_critic":0.6345646977424622,"Metrics/EpRet":61.07741165161133,"Time/Total":3509.79833984375,"Time/Rollout":35.403541564941406,"Loss/Loss_reward_critic":44.78633117675781,"Time/Epoch":77.98434448242188,"Train/PolicyRatio/Min":0.9997903108596802,"Train/PolicyRatio/Max":0.9997903108596802,"Time/FPS":256.46173095703125,"Train/PolicyStd":0.42112982273101807,"Train/Epoch":49,"Value/Adv":-0.09146180003881454,"Time/Update":42.580753326416016,"Train/StopIter":10,"Loss/Loss_pi/Delta":0.0018090792000293732,"_step":50,"Train/Entropy":0.55377596616745,"Metrics/EpCost":3.049999952316284}