{"Time/Rollout":46.227210998535156,"Train/PolicyRatio/Max":0.9996902346611023,"Train/LR":0,"Train/PolicyRatio/Std":0.0056739007122814655,"Metrics/EpRet":37.4035530090332,"Value/reward":3.7912299633026123,"_timestamp":1.7454890614697134e+09,"TotalEnvSteps":1e+07,"_wandb":{"runtime":34185},"Train/PolicyRatio":0.9996902346611023,"Train/KL":0.001945947646163404,"Loss/Loss_cost_critic":1.315744596608326e-10,"Time/Update":49.059852600097656,"Metrics/EpLen":1000,"Train/PolicyRatio/Min":0.9996902346611023,"Metrics/EpCost":0,"_step":500,"Loss/Loss_pi/Delta":0.001876847818493843,"Loss/Loss_pi":-0.002914959564805031,"Time/Total":34183.53515625,"Loss/Loss_pi_cost":0,"Train/Entropy":-2.029973268508911,"Loss/Loss_cost_critic/Delta":-4.7871012709421734e-12,"Train/Epoch":499,"Loss/Loss_reward_critic/Delta":0.0017404500395059586,"Value/Adv":0.022814154624938965,"Time/Epoch":95.2871322631836,"_runtime":34185.269034481,"Value/cost":-1.8456179304848774e-06,"Train/StopIter":10,"Loss/Loss_reward_critic":0.031166793778538704,"Train/PolicyStd":0.031840842217206955,"Time/FPS":209.89193725585938,"Loss/Loss_pi_cost/Delta":0}