{"Loss/Loss_cost_critic/Delta":-0.18771058320999146,"Value/reward":-1.5855170488357544,"Train/KL":0.007846048101782799,"Metrics/EpCost":1.059999942779541,"Train/PolicyStd":0.42897164821624756,"_timestamp":1.7454513499836934e+09,"_step":50,"Loss/Loss_reward_critic":26.917211532592773,"Metrics/EpRet":22.94280242919922,"Metrics/LagrangeMultiplier/Max":0,"_runtime":10826.972650507,"Time/Update":152.2372589111328,"Metrics/LagrangeMultiplier/Std":0,"Metrics/LagrangeMultiplier/Min":0,"Train/StopIter":40,"Loss/Loss_pi/Delta":0.0058892276138067245,"TotalEnvSteps":1e+06,"Time/Total":10826.1298828125,"Value/Adv":0.16087964177131653,"Train/Entropy":0.5725011229515076,"Time/Epoch":331.1744079589844,"Train/PolicyRatio/Max":1.0006591081619263,"Train/PolicyRatio":1.0006591081619263,"Loss/Loss_cost_critic":0.5378794074058533,"Train/Epoch":49,"_wandb":{"runtime":10826},"Metrics/EpLen":81.5199966430664,"Loss/Loss_pi":-0.0161636620759964,"Value/cost":0.43836510181427,"Train/PolicyRatio/Std":0.013530743308365345,"Time/Rollout":178.93707275390625,"Train/LR":0,"Time/FPS":60.39113998413086,"Metrics/LagrangeMultiplier":0,"Loss/Loss_reward_critic/Delta":-4.939460754394531,"Train/PolicyRatio/Min":1.0006591081619263}