{"Time/Rollout":124.57249450683594,"Loss/Loss_reward_critic":39.36237716674805,"Loss/Loss_cost_critic/Delta":0.038327038288116455,"Time/FPS":54.68163299560547,"Metrics/EpCost":2.2300000190734863,"Train/StopIter":80,"_timestamp":1.7460408402951202e+09,"Value/cost":0.6493461728096008,"Time/Update":241.18096923828125,"Metrics/EpRet":25.99956703186035,"_wandb":{"runtime":12948},"Loss/Loss_cost_critic":0.916478157043457,"_step":50,"TotalEnvSteps":1e+06,"Train/KL":0.009329138323664665,"Time/Total":12945.015625,"_runtime":12948.16805253,"Train/PolicyRatio":0.9998316764831543,"Metrics/LagrangeMultiplier/Std":0,"Loss/Loss_pi/Delta":0.007477177307009697,"Train/Epoch":49,"Loss/Loss_reward_critic/Delta":5.749691009521484,"Train/PolicyStd":0.41985151171684265,"Metrics/EpLen":77.47000122070312,"Metrics/LagrangeMultiplier/Max":0,"Metrics/LagrangeMultiplier":0,"Loss/Loss_pi":-0.0231068916618824,"Train/PolicyRatio/Min":0.9998316764831543,"Value/Adv":-0.01590755581855774,"Train/Entropy":0.5508333444595337,"Train/PolicyRatio/Std":0.01500085648149252,"Time/Epoch":365.7535400390625,"Metrics/LagrangeMultiplier/Min":0,"Train/PolicyRatio/Max":0.9998316764831543,"Value/reward":1.1185989379882812,"Train/LR":0}