{"_runtime":16190.810705151,"Metrics/EpLen":946.4299926757812,"Train/PolicyRatio/Max":1.0004611015319824,"Loss/Loss_pi":-0.03831469640135765,"_step":50,"Time/Total":16187.744140625,"Loss/Loss_cost_critic":0.8476061224937439,"_timestamp":1.7460440830143814e+09,"Train/PolicyRatio/Std":0.01267191581428051,"Train/StopIter":80,"Loss/Loss_cost_critic/Delta":-0.4467061161994934,"Metrics/LagrangeMultiplier/Max":0.20450609922409058,"Loss/Loss_pi/Delta":0.006764508783817291,"Metrics/LagrangeMultiplier/Std":0,"Metrics/EpRet":1191.7857666015625,"Time/Rollout":120.88839721679688,"Train/PolicyStd":0.5778234004974365,"_wandb":{"runtime":16190},"Metrics/LagrangeMultiplier":0.20450609922409058,"Time/Update":234.94956970214844,"Train/PolicyRatio":1.0004611015319824,"Loss/Loss_reward_critic/Delta":-0.018236219882965088,"Train/Epoch":49,"Train/PolicyRatio/Min":1.0004611015319824,"Value/cost":4.3485260009765625,"Train/KL":0.005827968008816242,"TotalEnvSteps":1e+06,"Metrics/EpCost":53.65999984741211,"Train/LR":0,"Loss/Loss_reward_critic":0.9368855357170105,"Time/FPS":56.205345153808594,"Train/Entropy":0.8637564182281494,"Time/Epoch":355.8380432128906,"Metrics/LagrangeMultiplier/Min":0.20450609922409058,"Value/reward":121.68497467041016,"Value/Adv":-0.021061934530735016}