{"Time/Update":36.665462493896484,"_step":500,"Misc/Penalty":0.00039999998989515007,"Loss/Loss_pi":-0.0023047644644975662,"Loss/Loss_cost_critic":1.285018202956678e-10,"Train/PolicyStd":0.03919908404350281,"Metrics/EpLen":1000,"Time/FPS":241.11695861816406,"Loss/Loss_cost_critic/Delta":-4.767089500923305e-12,"Metrics/EpCost":0,"Value/cost":2.7905112801818177e-05,"Value/Adv":0.11182031780481339,"Train/LR":0,"Train/PolicyRatio/Std":0.004287827759981155,"Train/PolicyRatio":0.9998798966407776,"Loss/Loss_reward_critic/Delta":-0.004583477973937988,"Metrics/EpRet":38.56563949584961,"Time/Total":35265.37890625,"Value/reward":-2.5407967567443848,"TotalEnvSteps":1e+07,"Train/KL":0.0014887842116877437,"Loss/Loss_pi/Delta":0.0017884792760014534,"Loss/Loss_reward_critic":0.5051419138908386,"_wandb":{"runtime":35266},"_timestamp":1.7455229372432647e+09,"Train/Entropy":-1.8202836513519287,"Time/Rollout":46.281768798828125,"Train/Epoch":499,"Train/PolicyRatio/Min":0.9998798370361328,"Train/StopIter":10,"Time/Epoch":82.94729614257812,"_runtime":35266.032560981,"Train/PolicyRatio/Max":0.9998798370361328}