{"Time/Rollout":127.44995880126953,"Train/StopIter":40,"Train/Epoch":49,"Train/KL":0.00721620861440897,"_wandb":{"runtime":12811},"Metrics/LagrangeMultiplier":0.17754945158958435,"Time/Update":142.13804626464844,"Train/PolicyRatio/Std":0.014272601343691349,"Time/Epoch":269.58807373046875,"Train/PolicyRatio/Min":1.000683307647705,"Loss/Loss_reward_critic/Delta":4.795917510986328,"Metrics/EpCost":30.84000015258789,"Time/Total":12811.171875,"Value/Adv":-0.1522086262702942,"_step":50,"_runtime":12811.917907308,"Train/PolicyRatio/Max":1.000683307647705,"Metrics/LagrangeMultiplier/Min":0.17754945158958435,"Metrics/LagrangeMultiplier/Max":0.17754945158958435,"Train/PolicyRatio":1.000683307647705,"TotalEnvSteps":1e+06,"Metrics/EpLen":252.22000122070312,"Train/PolicyStd":0.49833059310913086,"Time/FPS":74.187255859375,"Metrics/EpRet":365.8840637207031,"Loss/Loss_cost_critic/Delta":1.2476458549499512,"Loss/Loss_reward_critic":37.615386962890625,"Loss/Loss_pi":-0.007038740441203117,"Value/reward":100.7884750366211,"Train/Entropy":0.7174447178840637,"Loss/Loss_cost_critic":5.494114398956299,"_timestamp":1.7454741686827438e+09,"Value/cost":12.82446575164795,"Loss/Loss_pi/Delta":-0.0015960168093442917,"Train/LR":0,"Metrics/LagrangeMultiplier/Std":0}