{"Train/StopIter":40,"Time/FPS":98.80369567871094,"Time/Epoch":202.4215850830078,"Metrics/LagrangeMultiplier":0,"_runtime":32660.58090058,"Metrics/EpLen":1000,"Train/LR":0,"Train/KL":0.004211748484522104,"Train/PolicyRatio/Min":1.0004055500030518,"Loss/Loss_pi":-0.009804487228393555,"Time/Rollout":56.206172943115234,"Loss/Loss_reward_critic/Delta":0.001021040603518486,"Train/PolicyRatio":1.0004055500030518,"Loss/Loss_reward_critic":0.02970600128173828,"Loss/Loss_pi/Delta":0.004408226348459721,"Train/PolicyStd":0.029491743072867393,"Loss/Loss_cost_critic/Delta":5.396655344824808e-13,"Train/PolicyRatio/Std":0.009244350716471672,"Metrics/EpCost":0,"Value/reward":3.7662031650543213,"_timestamp":1.7454548639329123e+09,"Train/Epoch":499,"Time/Update":146.21533203125,"_wandb":{"runtime":32660},"Train/PolicyRatio/Max":1.0004055500030518,"Value/cost":2.3204106582852546e-06,"Metrics/EpRet":37.56639099121094,"_step":500,"TotalEnvSteps":1e+07,"Train/Entropy":-2.109264612197876,"Loss/Loss_cost_critic":1.319118841935918e-10,"Time/Total":32657.513671875,"Value/Adv":0.1269833892583847}