{"Metrics/EpLen":1000,"_wandb":{"runtime":6317},"Value/reward":164.49278259277344,"Time/Epoch":157.97573852539062,"Train/PolicyStd":0.4522838592529297,"Train/StopIter":40,"Train/PolicyRatio/Min":0.999296247959137,"Loss/Loss_reward_critic":55.12162399291992,"Metrics/EpCost":185.9600067138672,"Time/Total":6317.19140625,"Value/Adv":-0.1411629021167755,"Loss/Loss_pi":-0.00660998048260808,"Time/Rollout":29.889745712280273,"Value/cost":15.330680847167969,"TotalEnvSteps":1e+06,"Metrics/LagrangeMultiplier/Min":0.44609060883522034,"Train/LR":0,"Loss/Loss_cost_critic":5.699233531951904,"_runtime":6317.973116768,"Train/PolicyRatio/Max":0.999296247959137,"_timestamp":1.7449607663816538e+09,"Train/PolicyRatio":0.9992963075637817,"Metrics/LagrangeMultiplier/Max":0.44609060883522034,"Time/FPS":126.60172271728516,"Train/Entropy":0.6181223392486572,"Loss/Loss_pi/Delta":0.00046363985165953636,"Metrics/EpRet":1830.721435546875,"Time/Update":128.08592224121094,"Train/PolicyRatio/Std":0.01465931348502636,"Loss/Loss_cost_critic/Delta":-0.10814237594604492,"Metrics/LagrangeMultiplier/Std":0,"Loss/Loss_reward_critic/Delta":3.3530235290527344,"Train/Epoch":49,"Metrics/LagrangeMultiplier":0.44609060883522034,"Train/KL":0.008456096053123474,"_step":50}