{"_wandb":{"runtime":9601},"Misc/Penalty":0.0004048582923132926,"TotalEnvSteps":1e+06,"Metrics/EpCost":0.30000001192092896,"Value/cost":-4.614228248596191,"_timestamp":1.7454691896514807e+09,"Train/StopIter":10,"Train/PolicyRatio/Max":0.9998391270637512,"Loss/Loss_cost_critic":0.3155837655067444,"Loss/Loss_pi/Delta":0.002043583896011114,"Time/Rollout":159.09349060058594,"Metrics/EpRet":550.6533813476562,"Train/KL":0.004194718319922686,"Metrics/EpLen":921.8599853515625,"Loss/Loss_cost_critic/Delta":0.13331663608551025,"Train/Epoch":49,"_step":50,"Train/PolicyRatio/Min":0.9998391270637512,"Loss/Loss_pi":-0.0046225739642977715,"_runtime":9601.02675397,"Train/LR":0,"Loss/Loss_reward_critic/Delta":-5.8990936279296875,"Value/reward":69.8281478881836,"Loss/Loss_reward_critic":13.79855728149414,"Time/FPS":102.13984680175781,"Train/Entropy":0.3338491916656494,"Time/Total":9600.189453125,"Train/PolicyStd":0.3380204141139984,"Train/PolicyRatio/Std":0.007608947344124317,"Value/Adv":0.3110727071762085,"Time/Epoch":195.80996704101562,"Train/PolicyRatio":0.999839186668396,"Time/Update":36.716426849365234}