{"Metrics/EpCost":1.3899999856948853,"_wandb":{"runtime":3364},"Time/Rollout":41.38837432861328,"Value/reward":101.97987365722656,"Time/Update":43.504276275634766,"Time/Epoch":84.89270782470703,"_step":50,"Time/Total":3363.9736328125,"Train/PolicyRatio/Std":0.016090501099824905,"Metrics/EpLen":907.3900146484375,"Loss/Loss_cost_critic/Delta":0.03713410533964634,"Loss/Loss_pi_cost/Delta":0,"Loss/Loss_cost_critic":0.05356650426983833,"Loss/Loss_reward_critic":54.018455505371094,"Train/LR":0,"Train/Entropy":1.0043728351593018,"Loss/Loss_pi":-0.00686044804751873,"Train/PolicyStd":0.6655860543251038,"Loss/Loss_pi_cost":0,"Value/Adv":-0.5148007869720459,"Train/PolicyRatio/Max":0.9977849125862122,"Train/StopIter":10,"Loss/Loss_pi/Delta":0.0012027919292449951,"Loss/Loss_reward_critic/Delta":53.67242509126663,"Metrics/EpRet":933.6802978515625,"_runtime":3364.750971321,"Train/KL":0.008189870975911617,"Train/Epoch":49,"Train/PolicyRatio":0.9977849721908569,"Train/PolicyRatio/Min":0.9977849125862122,"TotalEnvSteps":1e+06,"Time/FPS":235.59149169921875,"Value/cost":0.07008052617311478,"_timestamp":1.744950381337625e+09}