{"TotalEnvSteps":1e+06,"Loss/Loss_reward_critic":91.26362609863281,"Train/KL":0.008183489553630352,"_timestamp":1.7455032483639867e+09,"Loss/Loss_pi/Delta":0.0022563873790204525,"Loss/Loss_reward_critic/Delta":-0.25927734375,"Value/cost":12.395405769348145,"Loss/Loss_cost_critic/Delta":0.4470553398132324,"Time/Total":11090.6044921875,"Time/Rollout":124.47557830810547,"Value/reward":158.05917358398438,"Loss/Loss_cost_critic":5.490220546722412,"Metrics/EpCost":152.47000122070312,"Metrics/LagrangeMultiplier/Std":0,"Train/PolicyStd":0.40970751643180847,"Time/FPS":75.12830352783203,"Metrics/EpLen":1000,"Train/PolicyRatio":0.9993023872375488,"Train/StopIter":40,"Train/PolicyRatio/Std":0.014155078679323196,"Time/Epoch":266.2112731933594,"Train/Entropy":0.5063757300376892,"Train/PolicyRatio/Min":0.999302327632904,"Value/Adv":0.2794041335582733,"Train/PolicyRatio/Max":0.999302327632904,"Train/Epoch":49,"Metrics/EpRet":1718.1683349609375,"Metrics/LagrangeMultiplier/Max":0.20870299637317657,"Metrics/LagrangeMultiplier/Min":0.20870299637317657,"Metrics/LagrangeMultiplier":0.20870299637317657,"_runtime":11091.403002706,"_wandb":{"runtime":11091},"Loss/Loss_pi":-0.006392677780240774,"_step":50,"Train/LR":0,"Time/Update":141.73562622070312}