{"Train/KL":0.005543447565287352,"Time/FPS":94.3594970703125,"Loss/Loss_reward_critic":0.05661439895629883,"Train/PolicyRatio/Max":0.9995812773704529,"Train/PolicyStd":0.3531457781791687,"Train/PolicyRatio":0.9995812773704529,"Time/Update":89.01744079589844,"Loss/Loss_pi":-0.014319797977805138,"Loss/Loss_reward_critic/Delta":0.0009461492300033569,"Time/Rollout":122.93782806396484,"Metrics/EpRet":22.5729923248291,"Train/LR":0,"Train/PolicyRatio/Std":0.010850062593817711,"Value/Adv":-0.19183804094791412,"Train/Epoch":49,"Time/Epoch":211.95535278320312,"Train/PolicyRatio/Min":0.9995812773704529,"TotalEnvSteps":1e+06,"Metrics/EpCost":142.30999755859375,"Loss/Loss_pi/Delta":0.005438575521111488,"Time/Total":8388.400390625,"_runtime":8389.219741096,"Train/StopIter":40,"Train/Entropy":0.3779652416706085,"_wandb":{"runtime":8389},"_timestamp":1.7466204088674338e+09,"Value/reward":2.4351813793182373,"_step":50,"Metrics/EpLen":1000}