{"Time/Epoch":84.33389282226562,"Time/FPS":237.15257263183594,"Train/StopIter":10,"TotalEnvSteps":1e+07,"Loss/Loss_reward_critic/Delta":-0.0007813200354576111,"_wandb":{"runtime":32885},"Loss/Loss_cost_critic":1.3559721401268376e-10,"Loss/Loss_pi_cost":0,"Time/Update":44.549644470214844,"Metrics/EpCost":0,"Train/LR":0,"Loss/Loss_pi":-0.002879169536754489,"_timestamp":1.7454876592257879e+09,"Train/PolicyRatio/Min":0.9997678399085999,"Value/reward":3.9727020263671875,"Loss/Loss_cost_critic/Delta":7.764594522896573e-12,"Train/PolicyRatio":0.9997678995132446,"Loss/Loss_pi/Delta":0.001661471789702773,"Metrics/EpRet":39.560516357421875,"Train/KL":0.0016242400743067265,"Metrics/EpLen":1000,"Train/PolicyStd":0.03229164332151413,"Loss/Loss_reward_critic":0.022497357800602913,"Loss/Loss_pi_cost/Delta":0,"_step":500,"Time/Rollout":39.78419494628906,"Train/Epoch":499,"Train/Entropy":-2.0282042026519775,"Train/PolicyRatio/Std":0.0047524841502308846,"Value/Adv":0.11826181411743164,"Train/PolicyRatio/Max":0.9997678399085999,"_runtime":32885.927718198,"Time/Total":32884.48046875,"Value/cost":-3.986275623901747e-05}