{"Value/cost":6.166763782501221,"Time/Epoch":262.69586181640625,"Time/FPS":76.1336669921875,"Time/Total":10796.6904296875,"Metrics/EpCost":47.56999969482422,"_timestamp":1.745511642943177e+09,"Train/Epoch":49,"Loss/Loss_pi/Delta":0.005761610344052315,"Train/PolicyRatio/Max":0.9992638826370239,"Metrics/LagrangeMultiplier":5.588366508483887,"Train/Entropy":0.6014611721038818,"Loss/Loss_reward_critic/Delta":-3.043743133544922,"Loss/Loss_cost_critic/Delta":-0.34552323818206787,"_runtime":10797.597993475,"Train/PolicyRatio/Std":0.01450967788696289,"Train/PolicyRatio/Min":0.9992638826370239,"Value/reward":150.6527099609375,"Metrics/EpRet":1493.42724609375,"Train/StopIter":40,"Loss/Loss_pi":-0.009556090459227562,"Loss/Loss_cost_critic":0.6860703229904175,"TotalEnvSteps":1e+06,"Metrics/EpLen":1000,"Time/Rollout":122.29151153564453,"Train/KL":0.008401564322412014,"Train/LR":0,"_step":50,"Loss/Loss_reward_critic":47.86906814575195,"Train/PolicyStd":0.4469858705997467,"Value/Adv":0.2980053722858429,"Time/Update":140.40428161621094,"_wandb":{"runtime":10797},"Train/PolicyRatio":0.9992638826370239}