{"Time/FPS":60.371639251708984,"Value/cost":33.930397033691406,"Train/PolicyRatio":0.9998065829277039,"Train/PolicyRatio/Std":0.013224290683865547,"Train/StopIter":40,"Loss/Loss_cost_critic":45.762149810791016,"Loss/Loss_reward_critic":777.908447265625,"Train/Entropy":0.5125542283058167,"Train/LR":0,"Value/reward":159.01925659179688,"Time/Update":156.65931701660156,"Train/PolicyRatio/Min":0.9998065233230591,"Metrics/LagrangeMultiplier":1.570216417312622,"_runtime":13481.941038478,"Loss/Loss_reward_critic/Delta":184.6636962890625,"_wandb":{"runtime":13481},"Train/PolicyRatio/Max":0.9998065233230591,"Loss/Loss_cost_critic/Delta":10.860343933105469,"Loss/Loss_pi/Delta":-0.012059934437274933,"Time/Total":13481.19140625,"Time/Rollout":174.62200927734375,"_step":50,"Train/Epoch":49,"Metrics/LagrangeMultiplier/Min":1.570216417312622,"Loss/Loss_pi":-0.04855069890618324,"TotalEnvSteps":1e+06,"Metrics/LagrangeMultiplier/Max":1.570216417312622,"Value/Adv":0.12212488055229187,"Metrics/EpCost":38.619998931884766,"Train/PolicyStd":0.412662148475647,"Metrics/EpRet":237.54905700683594,"Time/Epoch":331.2813720703125,"Train/KL":0.00604255823418498,"Metrics/EpLen":94.0999984741211,"_timestamp":1.745482672699403e+09,"Metrics/LagrangeMultiplier/Std":0}