{"Loss/Loss_pi":0.0067893508821725845,"Loss/Loss_cost_critic":0.7157575488090515,"Time/Rollout":32.89546203613281,"Value/Adv":0.01649158075451851,"Loss/Loss_pi_cost":55.83013916015625,"Train/StopIter":1,"Train/PolicyRatio/Std":0.026594767346978188,"Time/Epoch":37.500160217285156,"Loss/Loss_cost_critic/Delta":0.15057408809661865,"Metrics/EpLen":865.4400024414062,"Loss/Loss_reward_critic/Delta":-14.363946914672852,"_wandb":{"runtime":3284},"_step":50,"_timestamp":1.7449504634486313e+09,"Loss/Loss_reward_critic":19.02237892150879,"Train/PolicyRatio/Min":1.000778317451477,"Value/reward":113.4276351928711,"Train/KL":0.04762984812259674,"Time/Update":4.604666233062744,"Metrics/EpRet":1022.03466796875,"Train/PolicyRatio/Max":1.000778317451477,"Train/LR":0,"Train/PolicyRatio":1.000778317451477,"Train/PolicyStd":0.7521446347236633,"Loss/Loss_pi_cost/Delta":55.83013916015625,"_runtime":3284.634829453,"Train/Entropy":1.1310532093048096,"Time/FPS":533.3310546875,"Time/Total":3283.95654296875,"Value/cost":2.238046646118164,"Metrics/EpCost":27.809999465942383,"TotalEnvSteps":1e+06,"Loss/Loss_pi/Delta":0.009566045366227627,"Train/Epoch":49}