{"Loss/Loss_reward_critic":10.790656089782715,"Time/Epoch":168.6804962158203,"Loss/Loss_reward_critic/Delta":-7.891694068908691,"Value/Adv":-0.0659947544336319,"Train/PolicyRatio":0.99954754114151,"Metrics/EpRet":543.9132080078125,"Time/FPS":118.5673599243164,"Train/PolicyRatio/Std":0.008216393180191517,"Loss/Loss_cost_critic":0.26749691367149353,"Misc/Penalty":0.00040257646469399333,"Metrics/EpLen":904.1300048828125,"Value/cost":-4.601447105407715,"Loss/Loss_cost_critic/Delta":0.12606678903102875,"_step":50,"Train/PolicyRatio/Min":0.9995474815368652,"_timestamp":1.7454694762201471e+09,"TotalEnvSteps":1e+06,"_wandb":{"runtime":9633},"Train/StopIter":10,"Time/Update":38.73811340332031,"Value/reward":69.4182357788086,"Train/KL":0.004567128140479326,"Loss/Loss_pi":-0.0052742725238204,"Loss/Loss_pi/Delta":0.0010886071249842644,"Time/Rollout":129.94232177734375,"_runtime":9633.861903518,"Train/Epoch":49,"Train/PolicyRatio/Max":0.9995474815368652,"Train/PolicyStd":0.3344391882419586,"Train/LR":0,"Time/Total":9633.1318359375,"Metrics/EpCost":0.1599999964237213,"Train/Entropy":0.3230065405368805}