{"Train/PolicyStd":0.7362934947013855,"Metrics/EpLen":69.19000244140625,"Value/reward":18.185894012451172,"Train/Epoch":49,"Time/Total":4047.407958984375,"Time/FPS":230.5009002685547,"Time/Update":38.37336730957031,"Metrics/EpCost":26.829999923706055,"Loss/Loss_cost_critic":15.202223777770996,"Time/Rollout":48.39413070678711,"Metrics/EpRet":145.64276123046875,"Value/cost":6.8936967849731445,"Loss/Loss_pi/Delta":-0.013544294983148575,"Train/PolicyRatio/Min":0.9986888766288757,"_runtime":4048.145440231,"_step":50,"Loss/Loss_cost_critic/Delta":-3.8642053604125977,"Value/Adv":-0.15051481127738953,"Loss/Loss_reward_critic":26.04325294494629,"Train/PolicyRatio":0.9986888766288757,"Train/Entropy":1.1124926805496216,"TotalEnvSteps":1e+06,"Misc/Penalty":1,"Loss/Loss_pi":-0.037359677255153656,"_timestamp":1.7449544385052705e+09,"Train/PolicyRatio/Max":0.9986888766288757,"Train/PolicyRatio/Std":0.018479900434613228,"Train/KL":0.01260278932750225,"Train/StopIter":10,"Loss/Loss_reward_critic/Delta":-16.59532356262207,"Time/Epoch":86.76756286621094,"Train/LR":0,"_wandb":{"runtime":4048}}