{"Value/cost":3.8593523502349854,"Loss/Loss_cost_critic":1.6340384483337402,"Train/Epoch":49,"Time/Epoch":228.45706176757812,"Train/PolicyRatio":1.0007431507110596,"Loss/Loss_cost_critic/Delta":0.5977708101272583,"Train/PolicyRatio/Min":1.00074303150177,"Train/PolicyRatio/Max":1.00074303150177,"Metrics/EpCost":24.860000610351562,"Time/Rollout":38.02906036376953,"Value/Adv":0.029404550790786743,"Time/Update":190.42791748046875,"Train/Entropy":0.929366946220398,"Loss/Loss_pi/Delta":0.0062515330500900745,"Train/KL":0.005977568216621876,"Metrics/EpRet":1185.66845703125,"Train/StopIter":80,"Metrics/EpLen":803.1400146484375,"Metrics/LagrangeMultiplier/Min":0.4077325165271759,"Time/Total":16420.4921875,"_wandb":{"runtime":16421},"Train/PolicyStd":0.6136249303817749,"TotalEnvSteps":1e+06,"Metrics/LagrangeMultiplier":0.4077325165271759,"Time/FPS":87.5438003540039,"Value/reward":134.66552734375,"_timestamp":1.7460571719516063e+09,"Loss/Loss_reward_critic":6.143958568572998,"Loss/Loss_pi":-0.004876324441283941,"Train/LR":0,"Train/PolicyRatio/Std":0.012860015034675598,"_runtime":16421.183060949,"_step":50,"Metrics/LagrangeMultiplier/Max":0.4077325165271759,"Loss/Loss_reward_critic/Delta":4.7177910804748535,"Metrics/LagrangeMultiplier/Std":0}