{"Train/PolicyRatio/Std":0.01593472994863987,"Misc/Penalty":1,"Train/Epoch":49,"Loss/Loss_pi/Delta":-0.00199325755238533,"Loss/Loss_cost_critic":10.219985961914062,"_timestamp":1.744956835954203e+09,"Train/PolicyStd":0.68076491355896,"TotalEnvSteps":1e+06,"Train/Entropy":1.0333365201950073,"Metrics/EpLen":76.93000030517578,"Train/StopIter":10,"Time/Total":4114.8408203125,"Metrics/EpRet":169.1817169189453,"Train/PolicyRatio/Min":0.9999483227729797,"_runtime":4115.631460025,"_step":50,"Loss/Loss_reward_critic":15.243263244628906,"Value/Adv":-0.24091652035713196,"Train/LR":0,"Loss/Loss_pi":-0.019134143367409706,"Train/PolicyRatio/Max":0.9999483227729797,"Loss/Loss_cost_critic/Delta":-11.831531524658203,"Train/KL":0.00941634364426136,"Value/reward":21.179100036621094,"Metrics/EpCost":30.110000610351562,"Loss/Loss_reward_critic/Delta":-22.347522735595703,"Time/Update":33.691001892089844,"Time/FPS":261.8504333496094,"Train/PolicyRatio":0.9999483823776245,"Value/cost":10.771496772766113,"Time/Epoch":76.37948608398438,"_wandb":{"runtime":4115},"Time/Rollout":42.68842697143555}