{"Value/cost":1.6154204607009888,"Value/Adv":-0.18672685325145721,"Time/Total":3395.507568359375,"Metrics/EpLen":1000,"_wandb":{"runtime":3396},"Train/Epoch":49,"Train/StopIter":10,"Train/PolicyRatio/Min":1.0000823736190796,"Loss/Loss_pi":-0.007680426351726055,"Train/PolicyRatio":1.0000823736190796,"_runtime":3396.333160824,"Train/KL":0.006285111885517836,"Time/Update":32.429405212402344,"Train/PolicyStd":0.501927375793457,"Loss/Loss_reward_critic":39.03378677368164,"Time/FPS":397.7768249511719,"_timestamp":1.7449641610216315e+09,"Time/Rollout":17.84999656677246,"Loss/Loss_reward_critic/Delta":-2.760272979736328,"_step":50,"TotalEnvSteps":1e+06,"Loss/Loss_pi/Delta":0.0034076161682605743,"Loss/Loss_cost_critic/Delta":-0.8857650756835938,"Time/Epoch":50.27945327758789,"Train/PolicyRatio/Max":1.0000823736190796,"Metrics/EpRet":1367.4476318359375,"Train/Entropy":0.7220317721366882,"Train/PolicyRatio/Std":0.011389367282390594,"Loss/Loss_cost_critic":9.20946979522705,"Train/LR":0,"Value/reward":91.86972045898438,"Metrics/EpCost":22.209999084472656,"Misc/Penalty":0.003584227990359068}