{"_runtime":11302.800025884,"Time/Total":11302.0263671875,"Metrics/LagrangeMultiplier":0.004196916241198778,"Loss/Loss_cost_critic/Delta":0.5640525817871094,"Loss/Loss_pi/Delta":0.004562899470329285,"Value/cost":4.25366735458374,"Time/FPS":76.43851470947266,"Metrics/EpLen":1000,"Train/Epoch":49,"Metrics/LagrangeMultiplier/Max":0.004196916241198778,"Train/Entropy":0.6076040863990784,"Train/StopIter":40,"Time/Epoch":261.648193359375,"_timestamp":1.7455017374162638e+09,"Metrics/EpRet":1378.4599609375,"_wandb":{"runtime":11302},"Loss/Loss_pi":-0.013243034482002258,"Train/KL":0.007029993925243616,"Train/LR":0,"Loss/Loss_reward_critic":63.57118225097656,"Train/PolicyRatio/Std":0.012977304868400097,"TotalEnvSteps":1e+06,"Metrics/LagrangeMultiplier/Std":0,"Time/Update":135.30068969726562,"Value/Adv":0.2337113618850708,"_step":50,"Value/reward":123.17154693603516,"Metrics/EpCost":60.18000030517578,"Train/PolicyStd":0.4471461772918701,"Train/PolicyRatio/Max":0.9981517791748047,"Time/Rollout":126.34745788574219,"Metrics/LagrangeMultiplier/Min":0.004196916241198778,"Train/PolicyRatio":0.9981517791748047,"Train/PolicyRatio/Min":0.9981517791748047,"Loss/Loss_cost_critic":2.533160448074341,"Loss/Loss_reward_critic/Delta":6.432384490966797}