{"Value/cost":0.5395473837852478,"Loss/Loss_pi":-0.023894639685750008,"Train/KL":0.010127674788236618,"Loss/Loss_reward_critic/Delta":0.3225250244140625,"Time/Total":12869.2451171875,"Metrics/LagrangeMultiplier":0,"Metrics/EpRet":21.731861114501953,"Loss/Loss_cost_critic/Delta":-0.025197148323059082,"Train/PolicyRatio/Std":0.0150999641045928,"Value/Adv":0.08721497654914856,"Metrics/LagrangeMultiplier/Min":0,"Train/LR":0,"Train/PolicyStd":0.4486076235771179,"Train/PolicyRatio":1.000623345375061,"_runtime":12872.311126117,"Metrics/LagrangeMultiplier/Std":0,"Metrics/EpLen":80.98999786376953,"Train/Epoch":49,"Time/FPS":56.451148986816406,"Train/StopIter":80,"_step":50,"Loss/Loss_cost_critic":0.6444429755210876,"_wandb":{"runtime":12872},"Loss/Loss_reward_critic":34.7970085144043,"Train/Entropy":0.6169177889823914,"Train/PolicyRatio/Min":1.000623345375061,"Train/PolicyRatio/Max":1.000623345375061,"_timestamp":1.7460407645050538e+09,"Metrics/LagrangeMultiplier/Max":0,"Loss/Loss_pi/Delta":0.0088431928306818,"Value/reward":-6.490527629852295,"Time/Update":229.41900634765625,"TotalEnvSteps":1e+06,"Time/Rollout":124.86957550048828,"Metrics/EpCost":1.940000057220459,"Time/Epoch":354.28863525390625}