{"Metrics/EpLen":1000,"Metrics/LagrangeMultiplier":0,"Loss/Loss_cost_critic/Delta":0.017989560961723328,"Train/Epoch":49,"Loss/Loss_pi/Delta":0.003792896866798401,"_step":50,"Train/PolicyRatio/Max":1.0006377696990967,"Metrics/LagrangeMultiplier/Std":0,"Time/Total":11270.1865234375,"Train/PolicyRatio":1.0006377696990967,"Metrics/LagrangeMultiplier/Max":0,"Time/Epoch":269.0060729980469,"Loss/Loss_reward_critic":16.538490295410156,"Train/StopIter":40,"TotalEnvSteps":1e+06,"Time/FPS":74.34776306152344,"Train/PolicyRatio/Min":1.0006377696990967,"Train/KL":0.007344364654272795,"Train/PolicyRatio/Std":0.012909687124192715,"_wandb":{"runtime":11270},"_runtime":11270.873716612,"Time/Rollout":124.53286743164062,"_timestamp":1.745500241336557e+09,"Value/Adv":-0.24543902277946472,"Time/Update":144.47312927246094,"Train/LR":0,"Metrics/LagrangeMultiplier/Min":0,"Train/PolicyStd":0.38697436451911926,"Value/reward":101.15383911132812,"Metrics/EpRet":1107.18212890625,"Loss/Loss_cost_critic":0.14098626375198364,"Loss/Loss_reward_critic/Delta":3.29122257232666,"Value/cost":0.558086633682251,"Metrics/EpCost":7.840000152587891,"Train/Entropy":0.45183807611465454,"Loss/Loss_pi":-0.014798106625676155}