{"Time/Epoch":312.6427917480469,"Metrics/EpRet":19.702674865722656,"Metrics/EpLen":80.51000213623047,"Value/cost":0.6241732239723206,"Train/PolicyRatio/Std":0.013742556795477867,"Train/PolicyStd":0.4323286712169647,"Train/PolicyRatio":0.9991713762283325,"TotalEnvSteps":1e+06,"Train/PolicyRatio/Max":0.9991713762283325,"_step":50,"Train/PolicyRatio/Min":0.9991713762283325,"Loss/Loss_reward_critic":33.47041702270508,"Time/FPS":63.97077178955078,"Loss/Loss_pi":-0.016712050884962082,"_wandb":{"runtime":10747},"Value/Adv":0.032098427414894104,"_timestamp":1.7454512709687207e+09,"Time/Rollout":152.13571166992188,"Metrics/EpCost":1.4600000381469727,"Loss/Loss_cost_critic":0.7085943818092346,"Train/Epoch":49,"Value/reward":-1.9660706520080566,"Loss/Loss_pi/Delta":0.005167234688997269,"Train/KL":0.007769835647195578,"Time/Update":160.50701904296875,"Train/StopIter":40,"Loss/Loss_reward_critic/Delta":-10.443317413330078,"Train/LR":0,"Time/Total":10746.9140625,"Metrics/LagrangeMultiplier":0,"Train/Entropy":0.5800985097885132,"Loss/Loss_cost_critic/Delta":-0.25363290309906006,"_runtime":10747.758653216}