{"Train/StopIter":10,"Loss/Loss_pi":-0.005690412130206823,"Loss/Loss_pi/Delta":0.0013909349218010902,"Value/reward":83.62740325927734,"Train/Epoch":49,"Misc/Penalty":0.0005727376556023955,"Train/PolicyRatio/Max":1.0000005960464478,"Loss/Loss_reward_critic":9.123286247253418,"Time/Rollout":114.41143798828125,"Time/Total":8564.658203125,"Train/PolicyRatio/Std":0.011365331709384918,"Value/cost":0.07026810199022293,"Metrics/EpLen":1000,"Metrics/EpCost":7.539999961853027,"Loss/Loss_reward_critic/Delta":0.3522605895996094,"_runtime":8565.777026074,"TotalEnvSteps":1e+06,"_timestamp":1.7455150832695055e+09,"Train/Entropy":0.3964797854423523,"Time/Epoch":144.9449462890625,"_wandb":{"runtime":8565},"Loss/Loss_cost_critic/Delta":0.5779881477355957,"Metrics/EpRet":1072.2381591796875,"Train/PolicyStd":0.3671369254589081,"Time/Update":30.53343391418457,"Time/FPS":137.98342895507812,"Value/Adv":-0.15998543798923492,"Train/LR":0,"Train/PolicyRatio":1.0000005960464478,"Train/PolicyRatio/Min":1.0000005960464478,"Loss/Loss_cost_critic":2.3746256828308105,"_step":50,"Train/KL":0.004945896565914154}