{"Value/cost":3.4213962862850167e-06,"Loss/Loss_cost_critic/Delta":4.753905602505881e-12,"Value/reward":-2.259511709213257,"Loss/Loss_reward_critic":0.4905482232570648,"Train/PolicyRatio/Max":0.9997252821922302,"Train/PolicyRatio":0.9997252821922302,"Time/Total":36132.109375,"Metrics/EpRet":38.3631477355957,"Value/Adv":-0.07204316556453705,"Loss/Loss_reward_critic/Delta":-0.055357545614242554,"_step":500,"Loss/Loss_pi":-0.002646754262968898,"Train/KL":0.0026614386588335037,"Train/PolicyRatio/Min":0.9997252821922302,"Train/Entropy":-1.801564335823059,"Train/StopIter":10,"Train/Epoch":499,"Metrics/EpLen":1000,"_wandb":{"runtime":36132},"_timestamp":1.745523505807172e+09,"Loss/Loss_cost_critic":1.3368402218549846e-10,"Train/PolicyRatio/Std":0.006821238435804844,"Train/LR":0,"Loss/Loss_pi/Delta":0.0017779858317226171,"Time/Update":38.431941986083984,"TotalEnvSteps":1e+07,"Metrics/EpCost":0,"Time/Rollout":56.48670196533203,"Train/PolicyStd":0.03995008021593094,"Time/FPS":210.70663452148438,"_runtime":36132.808133581,"Misc/Penalty":0.00039999998989515007,"Time/Epoch":94.918701171875}