{"Time/Update":44.67759323120117,"Loss/Loss_reward_critic/Delta":-4.323804751038551e-05,"Loss/Loss_pi":-0.0025394116528332233,"_runtime":25624.118205614,"Time/Total":25623.205078125,"Metrics/EpCost":17.610000610351562,"Time/Epoch":91.2071304321289,"Loss/Loss_reward_critic":0.0024436882231384516,"Time/FPS":219.28109741210938,"Time/Rollout":46.529483795166016,"Train/KL":0.004024132154881954,"Loss/Loss_cost_critic/Delta":0.19349366426467896,"Train/PolicyRatio/Min":0.9986093044281006,"Train/PolicyRatio/Max":0.9986093044281006,"Value/Adv":0.04717400670051575,"_wandb":{"runtime":25624},"Train/LR":0,"Loss/Loss_pi/Delta":0.00037399400025606155,"Train/PolicyStd":0.4479699730873108,"_step":500,"_timestamp":1.7455810770180635e+09,"Train/PolicyRatio/Std":0.009569089859724045,"Train/PolicyRatio":0.9986093640327454,"Train/StopIter":10,"Train/Epoch":499,"TotalEnvSteps":1e+07,"Value/reward":0.06859984993934631,"Loss/Loss_pi_cost":0,"Loss/Loss_cost_critic":0.8847178816795349,"Metrics/EpLen":1000,"Loss/Loss_pi_cost/Delta":0,"Metrics/EpRet":0.5493096709251404,"Value/cost":3.53426456451416,"Train/Entropy":-0.05560217797756195}