{"Value/Adv":-0.03629252314567566,"_timestamp":1.7454696739534736e+09,"Loss/Loss_pi":-0.004569568671286106,"Time/Epoch":227.3164825439453,"Train/LR":0,"Train/PolicyStd":0.34024670720100403,"Time/Update":43.22858810424805,"Train/Epoch":49,"_wandb":{"runtime":10010},"Train/KL":0.0046075074933469296,"Loss/Loss_cost_critic/Delta":0.5672364979982376,"Loss/Loss_reward_critic/Delta":7.713850975036621,"Metrics/EpRet":614.1168823242188,"TotalEnvSteps":1e+06,"Train/PolicyRatio/Std":0.008188001811504364,"Train/Entropy":0.3401298522949219,"Time/Rollout":184.08782958984375,"Loss/Loss_reward_critic":20.580322265625,"Loss/Loss_cost_critic":0.6539080739021301,"Metrics/EpCost":0.4099999964237213,"Loss/Loss_pi/Delta":0.003022718708962202,"_step":50,"Train/PolicyRatio":1.0002632141113281,"Value/cost":-5.3864521980285645,"Metrics/EpLen":901.3200073242188,"Train/PolicyRatio/Min":1.0002632141113281,"Train/PolicyRatio/Max":1.0002632141113281,"Misc/Penalty":0.0004066693945787847,"Time/FPS":87.98306274414062,"Train/StopIter":10,"Time/Total":10009.990234375,"Value/reward":75.38528442382812,"_runtime":10010.744418086}