{"Time/Rollout":42.465999603271484,"Value/cost":12.546463966369629,"Loss/Loss_reward_critic/Delta":-28.86446762084961,"_runtime":3451.806348001,"Time/Epoch":76.8380126953125,"Train/PolicyRatio/Std":0.017552537843585014,"Metrics/EpRet":154.25909423828125,"Train/LR":0,"Metrics/EpLen":73.88999938964844,"Metrics/EpCost":33.68000030517578,"_wandb":{"runtime":3451},"Loss/Loss_cost_critic":35.46643829345703,"Time/Total":3451.106689453125,"Loss/Loss_pi/Delta":-0.037088995799422264,"Time/FPS":260.287841796875,"Train/Entropy":1.1131757497787476,"Train/PolicyStd":0.7366476655006409,"Train/PolicyRatio/Max":1.0000797510147095,"Train/StopIter":10,"_step":50,"Loss/Loss_pi":-0.056648023426532745,"_timestamp":1.744955763432746e+09,"Train/Epoch":49,"Misc/Penalty":1,"Train/KL":0.0114041268825531,"Value/Adv":-0.18406696617603302,"Train/PolicyRatio/Min":1.0000797510147095,"Value/reward":22.596878051757812,"TotalEnvSteps":1e+06,"Time/Update":34.37195587158203,"Loss/Loss_cost_critic/Delta":-15.216964721679688,"Train/PolicyRatio":1.0000797510147095,"Loss/Loss_reward_critic":56.54122543334961}